{"cameraMode":{"drawMode":0,"name":"Shaded","section":"Shading Mode"},"sceneLighting":false,"audioPlay":false,"sceneViewState":{"showFog":true,"showMaterialUpdate":false,"showSkybox":true,"showFlares":true,"showImageEffects":true,"showParticleSystems":true},"in2DMode":false,"pivot":{"x":-1.5040225982666016,"y":7.989100456237793,"z":-1.431273341178894},"rotation":{"x":0.17311042547225953,"y":0.7412019371986389,"z":-0.20897749066352845,"w":0.6139876842498779},"size":14.371068000793457,"orthographic":false}