{"cameraMode":{"drawMode":0,"name":"Shaded","section":"Shading Mode"},"sceneLighting":true,"audioPlay":false,"sceneViewState":{"showFog":true,"showMaterialUpdate":false,"showSkybox":true,"showFlares":true,"showImageEffects":true,"showParticleSystems":true},"in2DMode":false,"pivot":{"x":10.826700210571289,"y":0.8688678741455078,"z":53.349822998046878},"rotation":{"x":0.4096328020095825,"y":-0.16144464910030366,"z":0.07390805333852768,"w":0.894804060459137},"size":14.18783950805664,"orthographic":false}